"District","Contractor"
"Achham","Banshika Nirman  Sea, Ward No -5, Mangalsen"
"Achham","Banshika Nirman Sewa"
"Achham","Laxmi Construction"
"Achham","Swar Construction Pvt. Ltd."
"Achham","THAPA NIRMAN SEWA"
"Arghakhanchi","A.S. Belbase Builders Pvt.Ltd."
"Arghakhanchi","Bhusal Nirman Sewa"
"Arghakhanchi","Jalkanda Construction Pvt. Ltd."
"Arghakhanchi","Kabi Ram Khanal"
"Arghakhanchi","Kamal Nirman Sewa, Arghakhanchi"
"Arghakhanchi","Khanal Brothers Construction."
"Arghakhanchi","Khuma Pandey"
"Arghakhanchi","Krishna Bahadur Khatri"
"Arghakhanchi","Krishna Khatri"
"Arghakhanchi","Lekhnath Bhusal"
"Arghakhanchi","Lil Bahadur Kumal"
"Arghakhanchi","M/S Motidan- PTR Adhikari J.V."
"Arghakhanchi","M/S Motidan- PTR Adhikari- Rajeshwori J.V."
"Arghakhanchi","M/S Paudel Construction"
"Arghakhanchi","M/S Pratibha-Sagar J/V"
"Arghakhanchi","M/S Rautaha- AEBC- Amar J.V."
"Arghakhanchi","M/S World Wide- PTR Adhikari- Parbatiya J.V."
"Arghakhanchi","M/s Panini Nirman Sewa"
"Arghakhanchi","M/s Sahid Nirman Sewa"
"Arghakhanchi","M/s Samjhana Nirman Sewa"
"Arghakhanchi","Narayan Acharya"
"Arghakhanchi","Pandey Nirman Sewa"
"Arghakhanchi","Poudel Construction"
"Arghakhanchi","Poudel S Construction"
"Arghakhanchi","Pratikshya Nirman Sewa"
"Arghakhanchi","Prem Thapa"
"Arghakhanchi","Sagar Nirman Sewa"
"Arghakhanchi","Sagar Nirman Sewa, Arghakhanchi"
"Arghakhanchi","Shahid Nirman Sewa"
"Arghakhanchi","Shahidin MIya"
"Arghakhanchi","Yam Bahadur Khanal"
"Arghakhanchi","Yubaraj Banjade"
"Baglung","Chandrakot Construction"
"Baglung","M/S B.M.A/Konda JV"
"Baglung","M/S Sandipa Nirman Sewa and Investment Ramrekha, Baglung --1"
"Baglung","New Gorkha Manankamana Construction,Baglung"
"Baglung","Shree Gorkha Manakamana  Construction, Ba.Na-01,Baglung"
"Baitadi","3255490.3"
"Baitadi","K.N Builders"
"Baitadi","K.N. Builders"
"Baitadi","K.N.Builders"
"Baitadi","Nilam Nirman Sewa Patan 06,Baitadi"
"Baitadi","Royal Putha Nirman Sewa Pvt.Ltd."
"Baitadi","S.K Nirman SEwa Pvt.Ltd Patan 06,Baitadi"
"Baitadi","Shree Krishna Construction"
"Bajhang","Bajarngabali Nirman Sewa"
"Bajhang","Chandrodaya Nirman Sewa"
"Bajhang","PK Construction"
"Bajhang","Thodung-Jagriti JV"
"Bajura","Om Shiva Construction and Order Suppliers"
"Bajura","RAJENDRA D.B.J/V"
"Bajura","Rishi Gauri Nirman & Suppliers"
"Bajura","Rishi Gauri Nirman and Suppliers"
"Baneshwor","Himshikhar Hira Construction Pvt Ltd"
"Banke","Aayush Nirman Sewa"
"Banke","Aditya Nirman Sewa"
"Banke","B.A Nirman Sewa"
"Banke","B.L.T. Construction Pvt. Ltd."
"Banke","B.L.T./Jaya Bageshwori/Sisne JV"
"Banke","BLT Construction PVt Ltd"
"Banke","BLT Construction Pvt Ltd"
"Banke","BLT Construction Pvt Ltd,"
"Banke","Bageswori humpipe and bidhut pole udhyog"
"Banke","Bhairab-Narayanam JV"
"Banke","Galva-Narayanum-Majdur  JV"
"Banke","Gangotri Devi Nirman Sewa Nepalgunj-8"
"Banke","Gaura-Nepal  Mega-Birendra Ammar J.V."
"Banke","Grand Design And Construction Pvt.Ltd."
"Banke","Hamal Builders"
"Banke","Indradevi-Hari JV"
"Banke","Jaya Bageshwari- Nepal Mega JV"
"Banke","Kalika Nirman Sewa"
"Banke","Karkibandhu/ Rubina/ BLT JV"
"Banke","Keshav Shah / Shree krishna / Ujjwol JV"
"Banke","Keshav Shah Construction Sewa Pvt.Ltd."
"Banke","Keshav shah/ shree krishna/ nishan JV"
"Banke","Khadka Krishna-Narayanam-Bangalamukhi JV"
"Banke","Khadka Krishna/Babiro JV"
"Banke","Krishnasar construction pvt ltd"
"Banke","M.P. Construction Company Pvt Ltd"
"Banke","M/S Himalaya Cycle Traders"
"Banke","M/S Himalaya Cycle Traders, Nepalgunj,06 Banke"
"Banke","Mahalaxmi Narayanam JV"
"Banke","Muktinath- Jaya Bageshwori-MP JV"
"Banke","Muktinath-M.P. Construction JV"
"Banke","NS Bayan BSeven JV"
"Banke","Narayanam Nirman Sewa Pvt.Ltd."
"Banke","P.S. Nirman Sewa"
"Banke","Raj Builders"
"Banke","Sapana - Jaya Bageshwari Mata JV"
"Banke","Saurabh construction"
"Banke","Shiva Sundar Nirman Sewa"
"Banke","Sirjana medicine suppliers"
"Banke","Srijana medicine suppliers"
"Banke","Tilak Nirman Sewa"
"Banke","bajranga nirman sewa"
"Banke","narayanam nirman sewa pvt ltd"
"Banke","samudayik nirman sewa"
"Banke","ujyalo nirman sewa"
"Bara","Bhagwati Steels Industries Pvt. Ltd"
"Bara","Janaki Construction Pvt. Ltd."
"Bardiya","BARDIYA BLACK BUCK-JAY BAGESHWORI JV"
"Bardiya","Bageshwori Nirman Sewa"
"Bardiya","Baghiyan trading and suppliers"
"Bardiya","Bhada Construction"
"Bardiya","Bhandari Nirman Sewa"
"Bardiya","Birendra Amar Nirman Sewa"
"Bardiya","Chitra Construction"
"Bardiya","Chitra construction"
"Bardiya","Deep order and suppliers"
"Bardiya","Gulliver-Kutumba-Bhuwaneshwori J.V."
"Bardiya","Jaya Thakurbaba Nirman Sewa"
"Bardiya","Krishnasar Nirman sewa"
"Bardiya","Kutumba &Tulasi JV"
"Bardiya","L.D. Construction ( Purshottam Construction)"
"Bardiya","Laxmi Construction"
"Bardiya","M/S Kutumba/Tulsi JV"
"Bardiya","Mahadev-Khimti-Anjana-Yadav JV, Gulariya"
"Bardiya","Mahima Construction"
"Bardiya","NS-Bayan-Khumchandra JV"
"Bardiya","Nandadevi Nirman Sewa"
"Bardiya","New S.S. Construction"
"Bardiya","Niraula Builders"
"Bardiya","Noori Construction"
"Bardiya","OM SATYA SAI-BARDIYA BLACK BUCK-JAY BAGESHWORI JV"
"Bardiya","Om Nirman Sewa"
"Bardiya","RS Nirman Sewa"
"Bardiya","Rajbanshi Nirman Sewa"
"Bardiya","Royal-Black Buck JV"
"Bardiya","Royal/ Black Buck/ Jay Bageshwori Jv"
"Bardiya","Shiva Construction"
"Bardiya","Shree Lali Gurans Nirman Sewa"
"Bardiya","Timilsina Builders"
"Bardiya","Tulasi Nirman Sewa"
"Bardiya","Tulsi Nirman Sewa"
"Bardiya","Udaya Dip Sayukta Nirman Sewa Pvt. Ltd."
"Bhaktapur","Aislinn Construction"
"Bhaktapur","Bhimeshwor Drilling Tatha Nirman Sewa Pvt. Ltd"
"Bhaktapur","Kharidhunga Nirman Sewa Pvt. Ltd."
"Bhaktapur","M/S RA  Chitra construction"
"Bhaktapur","Ohm Energy Nepal Private Limited"
"Bhaktapur","Putha Himal-Sapna J/V"
"Bhaktapur","Raju Pokhrel"
"Bhaktapur","Shree Kamalamai Samyukta Construction"
"Bhaktapur","Sichu Engineering Services P.Ltd"
"Bhaktapur","Wide Angle Nirman Sewa"
"Bhojpur","Aayusha Organization Pvt. Ltd."
"Bhojpur","Bidur Nirman Sewa Pvt. Ltd."
"Bhojpur","Bijaya Nirman Sewa"
"Bhojpur","Jalpa Devi Nirman Sewa"
"Bhojpur","Makalu Nirman Sewa"
"Bhojpur","Mansoon Nirman Sewa"
"Bhojpur","Nath Nirman Sewa"
"Bhojpur","Saptakoshi Construction"
"Chitwan","""Darshan Nirman Sewa"
"Chitwan","""J Square Nirman  Sewa Pvt.Ltd.,"
"Chitwan","""M/S Gorakhnath EngineeringConstruction Pvt.Ltd Bharatpur-02, Chitwan"""
"Chitwan","301857240"
"Chitwan","A.K’S CONSTRUCTION"
"Chitwan","Aashrit Nirman Sewa"
"Chitwan","Acute Nepal P Ltd."
"Chitwan","Adventure Construction Company Pvt. Ltd"
"Chitwan","Ak's Construction"
"Chitwan","Anam Construction"
"Chitwan","Anjal Nirman Sewa"
"Chitwan","Apollo Infra Pvt. Ltd."
"Chitwan","Apollo Infra pvt.ltd"
"Chitwan","Applo Infra Pvt Ltd."
"Chitwan","Applo Infra Pvt. Ltd."
"Chitwan","Arbindra Construction, Bharatpur-11,Chitwan"
"Chitwan","Arvana Construction Pvt. Ltd."
"Chitwan","Ashish /honest JV"
"Chitwan","Ashish Nirman Sewa"
"Chitwan","Ashish/ Honest J.V"
"Chitwan","BALAJI NIRMAN SEWA"
"Chitwan","Baladev Builders Pvt.Ltd."
"Chitwan","Bhumethan Nirman Sewa"
"Chitwan","Bhumi Nirman Sewa"
"Chitwan","Bikram Baba Construction"
"Chitwan","Bikram Baba Construction."
"Chitwan","Birat Builders and  Equipment"
"Chitwan","D & B Construction"
"Chitwan","D& B CONSTRUCTION"
"Chitwan","D&B Construction"
"Chitwan","D.And.S. Himalayan construction pvt.ltd"
"Chitwan","Daju Bhai Nirman Sewa"
"Chitwan","Darsan Nirman Sewa"
"Chitwan","Darshan Nirman  Sewa"
"Chitwan","Darshan Nirman Sewa"
"Chitwan","Divine Light Construction"
"Chitwan","Dreamline Construction Pvt.Ltd.Bharatpur-2 Chitwan"
"Chitwan","Dynamic-Narayanam-Shahil J.V."
"Chitwan","Easy Construction Pvt.Ltd."
"Chitwan","Elite-Adventure-Dhanthan J.V, Bharatpur-chitwan"
"Chitwan","F.T.P Nirman Sewa Pvt.Ltd"
"Chitwan","F.T.P. Nirman Sewa Pvt Ltd"
"Chitwan","GMR-DAJUBHAI JV"
"Chitwan","GMR-Dajubhai Joint Venture"
"Chitwan","Gautam Builders"
"Chitwan","Hari Om Construction"
"Chitwan","Jay Mata Di Sanitary Udhyog Pvt.Ltd."
"Chitwan","K.B.C. Builders Company Pvt.Ltd."
"Chitwan","Kashyap/Arvan J/V"
"Chitwan","Khemraj Nirman Sewa Pvt Ltd"
"Chitwan","Kusum and Construction"
"Chitwan","L & G Construction"
"Chitwan","Lohani - Lohani & Sons- Dajubhai J.V."
"Chitwan","M/S Apollo Infra Pvt. Ltd. Bharatpur Chitwan"
"Chitwan","M/S Apollo Infra Pvt.Ltd, Bharatpur-0 Chitwan."
"Chitwan","M/S Apollo Infra Pvt.Ltd. Bharatpur-9 Chitwan"
"Chitwan","M/S Aruna construction"
"Chitwan","M/S Birat Builders and Equipment, Bharatpur Chitwan"
"Chitwan","M/S Birat Builders and equipment , Bharatpur Chitwan"
"Chitwan","M/S Buddha Builders Bharatpur -07 Chitwan"
"Chitwan","M/S Buddha Builders, Bharatpur Chitwan"
"Chitwan","M/S Build Nepal Private Limited, Bharatpur 12 Chitwan"
"Chitwan","M/S Build Nepal Pvt. Ltd, Bharatpur Chitwan."
"Chitwan","M/S Build nepal Pvt. Ltd. Bharatpur-28, Chitwan."
"Chitwan","M/S Cosmic Nirman Sewa Pvt.Ltd. Chitwan."
"Chitwan","M/S D&B Constructon"
"Chitwan","M/S Dajubhai Nirman Sewa, Bharatpur-07 Chitwan."
"Chitwan","M/S Darsan Nirman Sewa, Bharatpur Chitwan"
"Chitwan","M/S Darshan Nirman Sewa,Bharatpur Chitwan"
"Chitwan","M/S Divine Light Construction"
"Chitwan","M/S Gautam Builders"
"Chitwan","M/S Gorakhnath Engineering construction pvt.ltd , Chitwan"
"Chitwan","M/S Gorakhnath Engineering, Bharatpur Chitwan"
"Chitwan","M/S Jimmal Builders Pvt. Ltd , Bharatpur 22 Chitwan."
"Chitwan","M/S Jimmal Builders Pvt.Ltd Bharatpur Chitwan"
"Chitwan","M/S Jimmal Builders Pvt.Ltd, Bharatpur-22 Chitwan."
"Chitwan","M/S L&G Construction Bharatpur Chitwan"
"Chitwan","M/S L&G Construction, Bharatpur 12 Chitwan"
"Chitwan","M/S Mahesh Construction, Bharatpur Chitwan"
"Chitwan","M/S Medi Sales Pharma, Bharatpur Chitwan"
"Chitwan","M/S New Subedi Cement Samagri Udhyog, Bharatpur-7  Chitwan."
"Chitwan","M/S Nicika Construction, Chitwan"
"Chitwan","M/S Om Satya Sai Construction Pvt.Ltd Bharatpur- Chitwan."
"Chitwan","M/S Pandey Construction, Rapti 7 Chitwan"
"Chitwan","M/S Pasupati Nirman Sewa Pvt.Ltd."
"Chitwan","M/S Pradip Nirman Sewa"
"Chitwan","M/S Pradip Nirman Sewa, Bhartpur -21 Chitwan."
"Chitwan","M/S Rivian Engineering Consultancy Suppliers & Construction Pvt.Ltd."
"Chitwan","M/S Rivian Engineering Consultancy Suppliers 7 Construction Pvt.Ltd."
"Chitwan","M/S Royal Builders Pvt.Ltd. Bharatpur 10 chitwan"
"Chitwan","M/S Royal Builders Pvt.Ltd.Bharatpur ,Chitwan."
"Chitwan","M/S Safe Design Developer Consult Pvt.Ltd Bharatpur-20 Chitwan"
"Chitwan","M/S Safe design Developer Consult Pvt.Ltd. Bharatpur Chitywan"
"Chitwan","M/S Saptagandaki Builders, Bharatpur Chitwan"
"Chitwan","M/S Saptagandaki Builders, Bharatpur-9 Chitwan."
"Chitwan","M/S Shivasthal Nirman Pvt Ltd"
"Chitwan","M/S Siddhababa Press Pvt.Ltd. Bharatpur Chitwan"
"Chitwan","M/S Sigma Construction Bharatpur 09 Chitwan"
"Chitwan","M/S Sigma Construction, Bharatpur Chitwan"
"Chitwan","M/S Surya Shree Construction."
"Chitwan","M/S Surya shree construction"
"Chitwan","M/S Suryakamal Construction Pvt.Ltd. Bharatpur-12 Chitwan."
"Chitwan","M/S Suryakamal Construction Pvt.Ltd. Chitwan"
"Chitwan","M/S Unique Nepal Hume Pipe Udhyog, Bharatpur-14 Chitwan."
"Chitwan","Mahaakali Construction"
"Chitwan","Mahakali Devi Construction Company Pvt. Ltd."
"Chitwan","Narayani Pipe Industries"
"Chitwan","Neupane Builders,Bharatpur Chitwan"
"Chitwan","New SB Construction"
"Chitwan","New chitwan hume pipe udyog pvt.ltd.,Bharatpur-4"
"Chitwan","Om Satya Sai Construction (P).Ltd."
"Chitwan","Om Satya Sai Construction Pvt. Ltd."
"Chitwan","Omsatya Sai-Highway JV"
"Chitwan","P.K.-Bhagyalaxmi J/V"
"Chitwan","Pandey Construction"
"Chitwan","Pashupati Nirman Sewa Pvt. Ltd."
"Chitwan","Perisha Construction and Supplier Pvt Ltd"
"Chitwan","Pradip Nirman Sewa"
"Chitwan","Prasamsha Construction"
"Chitwan","R.S. Nirman Sewa"
"Chitwan","Rolpa Swochhanda Nirman Sewa pvt.ltd."
"Chitwan","S B Construction,Bharatpur chitwan"
"Chitwan","S.B.M. Engineering Associates Pvt. Ltd."
"Chitwan","SCIENTIFIC MEDICAL TECHNOLOGY (P.) LTD."
"Chitwan","SP Group of Engineering & Associates Pvt. Ltd."
"Chitwan","Safe Design Developer Consult Pvt.Ltd"
"Chitwan","Sahisa Nirman Sewa Pvt. Ltd."
"Chitwan","Samata Construction"
"Chitwan","Sanjivani Order  Suppliers"
"Chitwan","Sanjivani Order Suppliers"
"Chitwan","Sanjivani Order Suppliers,"
"Chitwan","Shivashakti-Om Sattya sai Jv"
"Chitwan","Shivasthal Nirman Pvt Ltd"
"Chitwan","Shiwa Shankar Builders & Suppliers Pvt. Ltd."
"Chitwan","Shree  Krishna Nirman  Sewa"
"Chitwan","Shree Ganesh Suppliers"
"Chitwan","Shree krishna Nirman Sewa"
"Chitwan","Siddhababa Press Pvt.Ltd.Bharatpur-9"
"Chitwan","Siddhartha Nirman Sewa"
"Chitwan","Siddhartha Nirman Sewa,Bharatpur-12"
"Chitwan","Siddhartha – Shivam JV"
"Chitwan","Su-Shanta Ayurvedic Ausadhalaya"
"Chitwan","Surya Shree Construction"
"Chitwan","YUDDHA NIRMAN SEWA"
"Chitwan","m/s pradip nirman sewa chitwan"
"Chitwan","sanjivani Order Suppliers Bharatpur-12, Chitwan"
"Chitwan","shivastal niram pvt. ltd."
"Chitwan","shivastal niram pvt. ltd.,"
"Dadeldhura","Ashu Nirman Sewa"
"Dadeldhura","RAJENDRA NIRMAN SEWA"
"Dadeldhura","SK Construction Dadeldhura"
"Dailekh","Bhairabmast Nirman Sewa"
"Dang","Abhishek Nirman Sewa"
"Dang","Abhishek and Aabhas Multipurpose Pvt.Ltd"
"Dang","Akarsh Nirman Sewa"
"Dang","Amit Nirman Sewa"
"Dang","Ankit & Jenisha-Bhairav JV"
"Dang","B Thee Builders"
"Dang","B three Builders PVT. LTD"
"Dang","Balarupi-Lokmani J/V"
"Dang","D.C Builders"
"Dang","Efficient Construction And Suppliers Private Limited"
"Dang","Efficient Construction and Suppliers Pvt.Ltd"
"Dang","Ganga Nirman Sewa"
"Dang","Gupteshor Nirman Sewa"
"Dang","Hamal Bijeshwori Construction"
"Dang","Jaya Construction"
"Dang","Jaya MA Swargadwari Nirman Sewa Pvt.Ltd"
"Dang","Kashayap Nirman Sewa"
"Dang","Khadka Nirman Sewa"
"Dang","Kusal Nirman  Sewa"
"Dang","Kushal Nirman sewa"
"Dang","Kushal and Sahil Construction Company Pvt.Ltd."
"Dang","M.K. Builders"
"Dang","M/s KRK Construction"
"Dang","MK Builders"
"Dang","MRKC Construction"
"Dang","Nabjanukadevi-Sharada JV"
"Dang","Navaraj Nirman Sewa"
"Dang","Nima Devi Nirman Sewa"
"Dang","Oasis Construction"
"Dang","Om and Yam Construction pvt.ltd"
"Dang","Partima Nirman Sewa"
"Dang","Pratima Nirman Sewa"
"Dang","Ram Krishna Nirman Sewa"
"Dang","Rapti Builders"
"Dang","Samriddhi Construction Pvt.Ltd."
"Dang","Shandar-Ankit & Jenisha JV"
"Dang","Sharma-garba Rumba JV"
"Dang","Shree Gadhimai Nirman Sewa"
"Dang","Shubha Construction"
"Dang","Sukkrik Nirman Sewa"
"Dang","Suraj Nirman Sewa"
"Dang","Suwakoti Construction"
"Dang","Swarnapuri Construction"
"Dang","Thani Himshikhar B Lama JV"
"Dang","U & Y Builders Pvt.Ltd"
"Dang","Ujjwal Nirman Sewa"
"Dang","Yagya Nirman Sewa"
"Dang","sangrila construction suppliers and engineering consultancy Pvt.Ltd"
"Dang","sudat sunawar"
"Darchula","B M R Construction Company Pvt. Ltd."
"Darchula","Singh Nirman Sewa"
"Dhading","Divya Jyoti Construction"
"Dhading","Jaleshwor Nirman Sewa"
"Dhading","Nana Construction"
"Dhading","OS Engineering Nirman Sewa Pvt. Ltd"
"Dhading","P.R./ Nana JV"
"Dhankuta","Kashyap Nirman Sewa"
"Dhanusha","Aksis Asean constration Company pvt.ltd."
"Dhanusha","Angle Construction and Suppliers"
"Dhanusha","M/S Dev & Sayar – Sugam JV"
"Dhanusha","M/S Dev Sayar-Sugam JV"
"Dhanusha","Roshan Construction Pvt.Ltd."
"Dhanusha","Shakti/ Set Square JV"
"Dhanusha","Sushant Construction"
"Dolakha","Gorkha-Dawa-Rujan JV"
"Dolakha","Santa-Jay Hanuman J/V"
"Doti","Durga Construction and Supplyer"
"Doti","Fencing of GI Barbed Wire with Concrete Post at Banlek Substation of West Seti Corridor 400kV Dobule Curcit Transmission Line Project"
"Gorkha","Adhikari-Mukul J.V."
"Gorkha","Adhikari/PS JV"
"Gorkha","Amrit Construction"
"Gorkha","Bhimeshwor/Manasalu/A-one JV"
"Gorkha","Bhimeshwor/Manasalu/Sachet JV"
"Gorkha","Janak Nirman Sewa, Gorkha -07"
"Gorkha","K.C.builders and suppliers pvt.ltd"
"Gorkha","KC Builders & Suppliers"
"Gorkha","Kribind Nirman Sewa, Gorkha"
"Gorkha","Laxmi Construction"
"Gorkha","Laxmi Construction Haramtari,Gorkha"
"Gorkha","Parajuli/ Manasalu/A-one JV"
"Gorkha","Shree Ram Nirman Sewa"
"Gorkha","Shuvam Nirman Sewa"
"Gorkha","Shuvam Nirman Sewa,Satipipa-05, Gorkha"
"Gorkha","Sport  World  Construction Pvt.Ltd,Gorkha"
"Gorkha","laxmi Construction"
"Gulmi","Gairipipal-Dharampani-Garve Motoable Road Upgrading works, Chhatradev-4, Kerunga"
"Gulmi","Gautam Nirman Sewa"
"Gulmi","Jog Ma Builders"
"Gulmi","M/S Bansuri Nirman Sewa"
"Gulmi","M/S Sunil Samir- Kusheshwor J.V."
"Gulmi","Santosh Khanal"
"Gulmi","Shrestha Construction Sewa"
"Gulmi","Sunil Samir Nirman Sewa Pvt. Ltd."
"Gulmi","Sunil Samir Nirman Sewa Pvt. Ltd., Gulmi"
"Gulmi","Western Popular Construction Pvt. Ltd."
"Humla","Kangri Nirman Sewa"
"Humla","Kangri Nirman Sewa Pvt Ltd"
"Humla","M/s De Dewani Construction Pvt.Ltd"
"Ilam","Babari Nirman Sewa"
"Ilam","Bhagawati Nirman Sewa"
"Ilam","Biruwa-Bhagawati J.V"
"Ilam","Helina Nirman Sewa"
"Ilam","Kanchanjunga Nirman Sewa"
"Ilam","Khanal Construction Pvt. Ltd."
"Ilam","Khanal construction Pvt.ltd."
"Ilam","M/S Shankar Trishakti Nirman Sewa Pvt.Ltd."
"Ilam","Mai Bhagawati- Devi Dada J.V,"
"Ilam","S.A.S-Thewe-Devidanda J.V"
"Ilam","S.A.S/Devidada J/V"
"Ilam","Siddhithumka Nirman Sewa Pvt. Ltd"
"Ilam","sewalung-kirat j.v"
"India","Kalpataru Power Transmission Linited"
"Jajarkot","P.S. Construction Sewa"
"Jajarkot","PS/Babiro JV"
"Jhapa","Achyut Construction and Suppliers Pvt. Ltd"
"Jhapa","Bimal Khatiwada"
"Jhapa","Garima Nirman Sewa"
"Jhapa","Gayatri Projects Limited, India in Joint Venture with Kankai International Builders Pvt. Ltd. (GPL-KIBPL JV)"
"Jhapa","Kerung Nirman Sewa"
"Jhapa","Kumar Prasad Uprety"
"Jhapa","L.P.S-Samata-Raj Builders J/V"
"Jhapa","Mangsuwa Nirman Sewa"
"Jhapa","P. and G. Construction"
"Jhapa","Purwanchal Construction Pvt. Ltd"
"Jhapa","Rautaha-Ashishdeep J/V"
"Jhapa","S.B Nirman Sewa"
"Kailali","Aadarsh Construction Dhangadhi, Kailali"
"Kailali","Aashraya-Prasansha-Dunila JV"
"Kailali","Ammikshya Construction"
"Kailali","B. and P. construction, Kailali"
"Kailali","Better life construction"
"Kailali","Bhandari Bros Construction, Lamkichuha-1 Kailali"
"Kailali","Bhatta Shiv Nirman Sewa"
"Kailali","Bishnu Nirman Sewa"
"Kailali","CAB-Dunila J.V."
"Kailali","Devi Raman-Tej-Manilek Joint Venture"
"Kailali","EVEREST CONSTRUCTION"
"Kailali","G & J NIRMAN SEWA"
"Kailali","G & J Nirman Sewa/ Hida construction JV"
"Kailali","G AND J NIRMAN SEWA"
"Kailali","Gyanendra  Bam"
"Kailali","Hathiya baba Nirman sewa"
"Kailali","Hathiyababa Nirman Sewa"
"Kailali","Hathiyababa Nirman Sewa Pvt. Ltd."
"Kailali","Hathiyababa nirman sewa pvt. ltd."
"Kailali","J B NIRMAN SEWA"
"Kailali","JAYANTI CONSTRUCTION"
"Kailali","JSBR Construction"
"Kailali","Jagannath Nirman Sewa"
"Kailali","Jayalaxmi Mahima JV"
"Kailali","K D N Nirman Company Pvt Ltd"
"Kailali","K.S. Construction Pvt. Ltd., Dhangadhi-2, Kailali"
"Kailali","KADEL SUPER CONSTRUCTION"
"Kailali","Khampache-Chandrodaya JV"
"Kailali","Khampache-Chandrodaya Jv"
"Kailali","M.P.-Sunlight Construction JV"
"Kailali","M.P.-Thegim-Sunlight JV"
"Kailali","M/S Brahmashakti Ayurved Pharma , Dhangadi-03 Kailali"
"Kailali","Malika -Sanidev- J.B. J.V."
"Kailali","Mohan construction and concern,"
"Kailali","NEW KUMARI CONSTRUCTION"
"Kailali","Nawayuga Construction Pvt.Ltd"
"Kailali","Nirajan Construction"
"Kailali","PRASHANSHA-SHIBLING JV"
"Kailali","Rajan Nirman Sewa"
"Kailali","Rajendra-Dunila J/V"
"Kailali","Rajendra-Rudrawati-Siddhanath JV"
"Kailali","Raymajhi-K.D.N-Nirajan JV"
"Kailali","Raymajhi-K.D.N.-Nirajan JV"
"Kailali","SKY-K.D.N.-Rajan JV"
"Kailali","Seto Bagh Builders"
"Kailali","Seto bagh Builders"
"Kailali","Shanidev-KDN-Singh JV"
"Kailali","Shreepur Developers Group Pvt. Ltd."
"Kailali","Shubha laxmi Builder's"
"Kailali","Shubham Developers and Suppliers Pvt.Ltd."
"Kailali","Shyam sundar-Saud jv"
"Kailali","T.D.R. Construction Pvt. Ltd."
"Kailali","Tedi Nirman Sewa, Pvt. Ltd"
"Kailali","Trishakti construction"
"Kailali","Unity Construction & Drilling Company Pvt. Ltd."
"Kailali","Yamuna Nirman Sewa"
"Kalikot","Bir Bhakti Nirman Sewa"
"Kalikot","Ganesh Nirman Sewa"
"Kanchanpur","Daut Nirman Sewa"
"Kanchanpur","Girspa Construction"
"Kanchanpur","Jagadamba-Rakhi JV"
"Kanchanpur","Malika Nirman Sewa Pvt. Ltd"
"Kanchanpur","Mitra Builders Pvt. Ltd."
"Kanchanpur","New Hunainath Nirman Sewa"
"Kanchanpur","Pankaj Construction"
"Kanchanpur","Rithgade-Sharmila JV"
"Kanchanpur","Royal-Amrit JV"
"Kapilvastu","Aakriti Construction"
"Kapilvastu","Ajeet Nirman Sewa"
"Kapilvastu","Aryal Nirman Sewa"
"Kapilvastu","Awadh Engineering and Construction Services"
"Kapilvastu","Barsha Nirman Sewa"
"Kapilvastu","Bindabasini Nirman Seawa"
"Kapilvastu","Bindabasini Nirman Sewa"
"Kapilvastu","Bishwakarma Nirman Sewa"
"Kapilvastu","Durga Construction"
"Kapilvastu","Irfan Construction pvt.Ltd"
"Kapilvastu","Jay Nirman Sewa"
"Kapilvastu","KC Nirman sewa"
"Kapilvastu","Kapilvastu Khan Construction"
"Kapilvastu","Kc Nirman Sewa"
"Kapilvastu","M/S Ganga Nirman Sewa"
"Kapilvastu","M/S Kabir Marmat Tatha Nirman Sewa Pvt. Ltd."
"Kapilvastu","M/s Aanshu-KC JV"
"Kapilvastu","M/s Aryal Nirman Sewa"
"Kapilvastu","M/s NarayenNirmanSewa"
"Kapilvastu","M/s TapeshwariNirmanSewa"
"Kapilvastu","Margha Darsan Construction &Consultancy Pvt.Ltd"
"Kapilvastu","Margha Darsan Construction&Consultancy Pvt.Ltd"
"Kapilvastu","Merit Construction Pvt.Ltd"
"Kapilvastu","New Banganga Nirman Sewa"
"Kapilvastu","Pravin Nirman Sewa"
"Kapilvastu","Prem Nirman sewa"
"Kapilvastu","Rajan Construction"
"Kapilvastu","Rameshwaram Construction Pvt.Ltd."
"Kapilvastu","Roshni Nirman Sewa"
"Kapilvastu","Royal Construction Service"
"Kapilvastu","Rudra Builders & Construction"
"Kapilvastu","SHREE RAM NIRMAN SEWA"
"Kapilvastu","Saptarishi Nirman Sewa"
"Kapilvastu","Shree Krishna Construction"
"Kapilvastu","Shree Mukthinath Nirman Sewa"
"Kapilvastu","Shree Muktinath Nirman Sewa"
"Kapilvastu","Shyam and Sons Nirman Sewa"
"Kapilvastu","Soniya Construction"
"Kapilvastu","Sujal Construction"
"Kapilvastu","Sujal construction"
"Kapilvastu","Tapeswori Nirman Sewa"
"Kapilvastu","Tiwari Nirman Sewa"
"Kapilvastu","Usha Nirman Sewa"
"Kapilvastu","resungaconstruction"
"Kaski","Fewa Construction"
"Kaski","Jyoti Nirman Sewa"
"Kaski","M/S Praman/Saras JV"
"Kaski","M/s Tribeni Nirman Sewa"
"Kaski","Naba Nirman Construction and Builders"
"Kathmandu","A.M.-K.S.K.-Parbatiya J/V"
"Kathmandu","A.R.K Construction and Suppliers, Kathmandu-31, Sankhamul Marg"
"Kathmandu","AKASH MEDICINE DISTRIBUTORS PVT.LTD."
"Kathmandu","AMBUJA CONSTRUCTION PVT. LTD."
"Kathmandu","Aanjaneya Construction and Suppliers"
"Kathmandu","Aarambha Multi Services"
"Kathmandu","Aariz M.H Construction Pvt.Ltd"
"Kathmandu","Aariz M.H. Construction Pvt.Ltd.,Kathmandu"
"Kathmandu","Aashray Nirman Sewa Pvt.Ltd"
"Kathmandu","Abiskar Nirman pvt.ltd."
"Kathmandu","Action Active Energy Pvt.Ltd."
"Kathmandu","Adhikari-Birat JV,"
"Kathmandu","Adhikari/ Upper Tamakoshi JV"
"Kathmandu","Akela- Babiromast JV"
"Kathmandu","Ambuja Construction Pvt. Ltd."
"Kathmandu","Amrit/Kashyap J.V."
"Kathmandu","Anjana-RD-RS JV"
"Kathmandu","Anjana/Kalika/Parajuli JV"
"Kathmandu","Anshubi-Pushpanjali-Swornim JV"
"Kathmandu","Ansuman-Rubina JV"
"Kathmandu","Ansuman/Adhikari/Chandrodaya JV"
"Kathmandu","Ansuman/Rubina JV"
"Kathmandu","Anusthan Construction Pvt.Ltd."
"Kathmandu","Apex Construction Company Pvt. Ltd."
"Kathmandu","Artcon Construction & Consulting Pvt.Ltd"
"Kathmandu","Ascot Construction Pvt. Ltd."
"Kathmandu","Ashok Lama"
"Kathmandu","B & B-Jagadamba JV"
"Kathmandu","B.L.T./Babiromast/ Buddha Himali JV"
"Kathmandu","B.L.T./Lekhraj J.V."
"Kathmandu","B.S. TRADING"
"Kathmandu","BALAJU NIRMAN SEWA"
"Kathmandu","BISHWOJYOTI BUILDERS PVT. LTD."
"Kathmandu","BLUESKY CONSTRUCTION PVT.LTD."
"Kathmandu","BN-Trishakti JV"
"Kathmandu","Baisdhara Nirman Sewa/Bishwojit Nirman Sewa JV"
"Kathmandu","Bajra Guru-B & B JV"
"Kathmandu","Baladev Builders Pvt. Ltd."
"Kathmandu","Baladev Builders Pvt.Ltd"
"Kathmandu","Basanta Budhathoki/Sher Bahadur shrestha"
"Kathmandu","Bhusal Construction & Suppliers Pvt.Ltd."
"Kathmandu","Bibash International Construction and Suppliers Pvt. Ltd."
"Kathmandu","Bigtech Office System"
"Kathmandu","Bio Engineering Construction"
"Kathmandu","Bright / Kshitz/ Jejaswi J.V. Kathmandu."
"Kathmandu","Buddhi Bahadur Shrestha"
"Kathmandu","C.M/Krishna Laxmi Slate J.v"
"Kathmandu","C.M/Krishna Laxmi/ Slate J.V."
"Kathmandu","C.N. ENTERPRISES"
"Kathmandu","Chandra Tila Construction and Suppliers"
"Kathmandu","Chandrodaya JV Api Point"
"Kathmandu","Contech Pvt. Ltd"
"Kathmandu","Creative Builders"
"Kathmandu","Creative Business Enterprises"
"Kathmandu","Creative business enterprises"
"Kathmandu","DHULIKHEL NIRMAN SEWA PVT. LTD."
"Kathmandu","Dakshya engineering construction pvt.ltd"
"Kathmandu","Dawa Public J.V."
"Kathmandu","Dawa-Public J.V."
"Kathmandu","Deurali Engineering Company Pvt. Ltd."
"Kathmandu","Deurali Engineering Company Pvt.Ltd"
"Kathmandu","Dharma S./Kashyap JV"
"Kathmandu","Dhukuchhu Construction Company Pvt.Ltd."
"Kathmandu","Dhukuchhu Constructions Pvt.Ltd."
"Kathmandu","Dhulikhel Nirman Sewa Pvt.Ltd."
"Kathmandu","Dhulikhel-Axis Asian J.V."
"Kathmandu","Dhulikhel-ID-Swornim JV"
"Kathmandu","Dhulikhel-Jagadamba-B Lama JV"
"Kathmandu","Dolakha Bhimeshwore Construction"
"Kathmandu","Drabya Engineering Solution"
"Kathmandu","Dragon-Jagadamba JV"
"Kathmandu","Dragon/Jagadamba JV"
"Kathmandu","Elite Construction Co.Pvt.Ltd"
"Kathmandu","Elite-B.L.T. JV"
"Kathmandu","Elite-Rubina JV"
"Kathmandu","Elite-Rubina JV,"
"Kathmandu","Elite-Rubina JV, KMC-10, Baneshwor"
"Kathmandu","Elite/B.L.T. JV"
"Kathmandu","Freeman Business"
"Kathmandu","Freeman Business Pvt. Ltd"
"Kathmandu","Freeman Bussiness P.Ltd"
"Kathmandu","G.U.P. pvt. Ltd."
"Kathmandu","GOLDEN CONSTRUCTION"
"Kathmandu","GREENTARA-THAMSERKU JV"
"Kathmandu","GS Thokar Construction"
"Kathmandu","Gajurmukhi NS jv"
"Kathmandu","Galwa Nirman Sewa"
"Kathmandu","Galwa-Jagadamba J/V"
"Kathmandu","Galwa/Jagadamba/Surma Sarobar J/V"
"Kathmandu","Galwa/Pushpanjali J.V"
"Kathmandu","Gauri Parbati/K & KG J/V"
"Kathmandu","Get Construction"
"Kathmandu","Global International Traders, Gothatar."
"Kathmandu","Golden Life Construction & Suppliers Pvt. Ltd."
"Kathmandu","Gopidurga Construction Pvt. Ltd"
"Kathmandu","Gopini Ganga  Engineering Nirman and Suppliers Pvt. Ltd."
"Kathmandu","Gorkha Construction Company Nepal (P) Ltd."
"Kathmandu","Gorkha kalika Construction Nepal"
"Kathmandu","Gorkha-Ansuman JV"
"Kathmandu","Gorkhali  Brothers  Construction Tarkeshwor-11, Kathmandu"
"Kathmandu","Green Peace Builders Pvt. Ltd"
"Kathmandu","Green peace Builders Pvt.Ltd"
"Kathmandu","Grid/Yab Yum JV"
"Kathmandu","Guangzhou-Lama-Raman Joint Venture"
"Kathmandu","Gulliver World construction Pvt. Ltd"
"Kathmandu","Hari Hari Nirman Sewa Pvt Ltd"
"Kathmandu","Hira and Bishnu Construction pvt.ltd"
"Kathmandu","Hirachan/BLT JV"
"Kathmandu","I.D.-Anshubi-Ansuman JV"
"Kathmandu","I.D./Swornim JV"
"Kathmandu","I.P. STATIONERY & GENERAL SUPPLIERS"
"Kathmandu","INDRENI INFRASTRUCTURE PVT. LTD."
"Kathmandu","Immortal Construction Pvt. Ltd"
"Kathmandu","Indrayani-Rakta Kanya JV"
"Kathmandu","J.K.-Jeevan-Upper Tamakoshi JV"
"Kathmandu","J.K.D CONSTRUCTION"
"Kathmandu","J.S.S. Engineering Services P. Ltd."
"Kathmandu","J.S.S. Engineering Services Private Limited Prahalad Sha"
"Kathmandu","JALAPA NIRMAN SEWA AND SUPPLIERS"
"Kathmandu","JENISHA DEVI CONSTRUCTION PVT.LTD"
"Kathmandu","Jagadamba Builders Pvt. Ltd."
"Kathmandu","Jagadamba Nirman Company Pvt.Ltd"
"Kathmandu","Jagadamba Nrrman Company Pvt Ltd"
"Kathmandu","Jagadamba-Rujan-Sajiv JV"
"Kathmandu","Jagadamba-Rujan-Unicorn JV"
"Kathmandu","Jagadamba/Dovan/Sangam JV"
"Kathmandu","Jagriti Nirman Sewa Pvt.Ltd"
"Kathmandu","Jaljala Nirman Sewa pvt.ltd."
"Kathmandu","Jay Kalika Builders and Engineering Pvt. Ltd"
"Kathmandu","K. & K.G. CONSTRUCTION CO. (P.) LTD."
"Kathmandu","K.& K.G CONSTRUCTION CO. (P.) LTD."
"Kathmandu","K.B.K CONSTRUCTION PVT. LTD."
"Kathmandu","K.B.K. Construction Pvt. Ltd."
"Kathmandu","KALIKA BUILDERS PVT. LTD."
"Kathmandu","Kabindra/Nawasirjanshil J/V"
"Kathmandu","Kadel-Dhartimata joint Venture"
"Kathmandu","Kalika Builders (P.) Ltd."
"Kathmandu","Kalika Nirman Sewa Sinmangal"
"Kathmandu","Kalika Vedanshee J.V."
"Kathmandu","Kalpabrichhya Builders Pvt.Ltd"
"Kathmandu","Kanchharam - Kamaljit - Ganesh & Ganga JV"
"Kathmandu","Kanchharam-I.D.-Swarnim J.V"
"Kathmandu","Kanchharam-Unicorn JV"
"Kathmandu","Kanchharam/Nepal Fulbari/Swornim JV"
"Kathmandu","Karbahi-Guna J.V."
"Kathmandu","Kashyap-Sharmila JV"
"Kathmandu","Khampache Sherpa Nirman Sewa Pvt Ltd"
"Kathmandu","Khampache/ Rubina JV"
"Kathmandu","Kulananda Banjade"
"Kathmandu","Lama /Kanchharam/Nana JV"
"Kathmandu","Lama Construction Company Pvt.Ltd"
"Kathmandu","Lama Pragati Nirman Sewa"
"Kathmandu","Landscape Engineering Consultancy Pvt.Ltd"
"Kathmandu","Laxmi Construction And Lab Testing"
"Kathmandu","Lekhanath Bhusal"
"Kathmandu","Lekhraj-L.B. and Pallavi J.V."
"Kathmandu","Luna Builder & Contractor Pvt. Ltd."
"Kathmandu","Lushan Builders Pvt. Ltd."
"Kathmandu","M.K. Nirman Sewa"
"Kathmandu","M.K.-Mangaldeep J/V"
"Kathmandu","M.S. Printing Solution"
"Kathmandu","M/S   Sanjeeb - Ujjwal Joint Venture, Tarkeshwor, Kathmandu"
"Kathmandu","M/S Bharat Construction-Siddhi Sai JV"
"Kathmandu","M/S Dakshya Engineering Construction Pvt.Ltd. Kirtipur Kathmandu."
"Kathmandu","M/S G.S Thokar Construction Kathmandu."
"Kathmandu","M/S Hotpoint Nepal Pvt.ltd. kathmandu"
"Kathmandu","M/S Kankai- Jayamata- Amar J.V."
"Kathmandu","M/S Lumbini - Mrit Sanjiwani JV"
"Kathmandu","M/S Nagarjun/Siddhagadhi JV"
"Kathmandu","M/S Nagarjun/Siddhagadhi JV,"
"Kathmandu","M/S Perfect Active Solutions Pvt.ltd kathmandu"
"Kathmandu","M/S Prithivi Engineers & Builders Pvt.Ltd."
"Kathmandu","M/S SAP/Aryal Brothers JV"
"Kathmandu","M/S Sapana- Kasthamandap J.V."
"Kathmandu","M/S Yelina Nirman Sewa & Suppliers Pvt.Ltd."
"Kathmandu","M/s Jambuling Construction Company Pvt.Ltd."
"Kathmandu","Mahalaxmi-Bhujel J/V"
"Kathmandu","Mahalaxmi/Jay Dhananjaya J/V"
"Kathmandu","Mahesh-Kamakhya-Satyawati J.V."
"Kathmandu","Malati Construction Company Pvt.Ltd."
"Kathmandu","Mangaldeep Multipurpose"
"Kathmandu","Mangaldeep Multipurpose Pvt.Ltd."
"Kathmandu","Marga  Darsan Construction &Consultancy Pvt.Ltd"
"Kathmandu","Masta Barah Infrastructures pvt.ltd."
"Kathmandu","N.A.B.D. Construction & Supplier's (P) Ltd."
"Kathmandu","N.A.B.D. Construction & Suppliers (Pvt) Ltd."
"Kathmandu","N.G.S. Construction Engineering and Supplier's Pvt.Ltd."
"Kathmandu","Nadiya Construction Pvt., Ltd."
"Kathmandu","National Estate Builders Company Pvt. Ltd."
"Kathmandu","Nerisa Construction Company Pvt. Ltd."
"Kathmandu","New khandadevi-Suru J/V"
"Kathmandu","Nilgiri Nirman Sewa Pvt Ltd"
"Kathmandu","Nilgiri-Kangri JV"
"Kathmandu","Nilgiri/Mahabir JV"
"Kathmandu","Niraj Shrestha"
"Kathmandu","Noble Group of Construction Pvt., Ltd."
"Kathmandu","Noyeda Construction"
"Kathmandu","Oracle Engineering Solution"
"Kathmandu","P.S.S CONSTRUCTION AND SUPPLIERS PVT. LTD."
"Kathmandu","PANCHASTAMBHA CONSTRUCTION & CONSULTANCY PVT. LTD."
"Kathmandu","Palchowk Nirman Sewa"
"Kathmandu","Papipet Nirman"
"Kathmandu","Pasupati/Hari Hari JV"
"Kathmandu","Patle Chuli Builders and Traders"
"Kathmandu","Prabin Construction"
"Kathmandu","Prakash Tara-Hira Builders JV"
"Kathmandu","Praptee Enterprises Pvt.Ltd"
"Kathmandu","Puspanjali / Kalika J.V."
"Kathmandu","Puspanjali/Ralukadevi JV"
"Kathmandu","R&C-NAYA YUG J/V"
"Kathmandu","RAJ & RIWAJ SUPPLIERS PVT. LTD."
"Kathmandu","RAJ AND RIWAJ- DIGO BIKASH JV"
"Kathmandu","RAMITA-AMBUJA CONSTRUCTION J.V"
"Kathmandu","RAMITA-BOHORA JV"
"Kathmandu","Rabina/Multitech JV"
"Kathmandu","Ramsagar builders"
"Kathmandu","Rayamaji Construction Pvt.ltd"
"Kathmandu","Red Chilli Construction Company Pvt. ltd."
"Kathmandu","Rimix Construction Pvt. Ltd"
"Kathmandu","Ruby PearlInternational Pvt.Ltd."
"Kathmandu","Rujan-Jagadamba JV"
"Kathmandu","S.B.A.-Rubina JV"
"Kathmandu","S.O.Construction"
"Kathmandu","SAP/KALIKA /Divya Shakti JV"
"Kathmandu","SAP/Kalika/Divya shakti jv"
"Kathmandu","SHREE PASHUPATINATH CONSTRUCTION"
"Kathmandu","SHREEDEV SUPPLIERS"
"Kathmandu","STAR OFFICE INTERNATIONAL"
"Kathmandu","SUJAN NIRMAN SEWA"
"Kathmandu","SWORNASHREE NIRMAN SEWA"
"Kathmandu","Safe-Ansuman JV,"
"Kathmandu","Sajib-Rujan K JV"
"Kathmandu","Sakwo Engineering Pvt. Ltd."
"Kathmandu","Samyog Construction and Suppliers Pvt. Ltd."
"Kathmandu","Sapna/Uma and Company/ Thani JV"
"Kathmandu","Satyawati Construction Pvt.Ltd."
"Kathmandu","Shiv Shakti Construction Company Pvt., Ltd"
"Kathmandu","Shiva Jyoti Construction And Suppliers"
"Kathmandu","Shiva Shakti- Uma and Company- Kalika JV"
"Kathmandu","Shivashakti Construction Company Pvt. Ltd."
"Kathmandu","Shree Geeta-Thani- Himshikhar JV"
"Kathmandu","Siddhi Sai-Mainachuli JV"
"Kathmandu","Sires Engineering & Construction Pvt. Ltd."
"Kathmandu","Sulikot Engineering Consultancy and Construction (P) Ltd"
"Kathmandu","Sunbridge Solar Nepal Pvt. Ltd."
"Kathmandu","Suryodaya Urja Pvt.Ltd Tokha 04,Kathandu"
"Kathmandu","Suva Suyog Suppliers and Constructions"
"Kathmandu","Swarnim-Babiro Mast J.V."
"Kathmandu","Synergy-Pradhan  JV"
"Kathmandu","TDR-Jugal J/V, Koteshwor Kathmandu"
"Kathmandu","THE SUPREME NIRMAN SEWA PVT. LTD."
"Kathmandu","Tej Trading, Balaju,Kathmandu"
"Kathmandu","Tej Tradinng and Construction"
"Kathmandu","Thani Nirman Sewa Pvt  Ltd"
"Kathmandu","Thani Nirman Sewa Pvt Ltd"
"Kathmandu","Thani Nirman Sewa Pvt. Ltd."
"Kathmandu","Thani Nirman Sewa Pvt.Ltd"
"Kathmandu","Thani-Jagadamba J.V."
"Kathmandu","Thani-Kali-Himshikhar JV"
"Kathmandu","The Kanchanjunga-Kanchanjunga J.V"
"Kathmandu","Three Star Construction"
"Kathmandu","Threestar Construction"
"Kathmandu","Trishuli/Ashraya JV"
"Kathmandu","Triyak Construction Pvt.Ltd."
"Kathmandu","Tulasi Engineering and construction pvt. ltd."
"Kathmandu","Tuwachung-Anshubi-Nepal Fulbari JV"
"Kathmandu","Tuwachung-Rujan JV"
"Kathmandu","Tuwachung-Rujan-Jagadamba JV"
"Kathmandu","Ujyalo Nirman Sewa"
"Kathmandu","Uma-Himshikhar-Lekhraj JV"
"Kathmandu","Uma-Thani JV"
"Kathmandu","Uma-Thani-Lekhraj JV"
"Kathmandu","Uma/Thani JV,"
"Kathmandu","Upper Tamakoshi - J.K. J.V.,"
"Kathmandu","Upper Tamakoshi-J.K. JV"
"Kathmandu","Urja-Krishav JV"
"Kathmandu","Urja-Masta JV"
"Kathmandu","World Distribution Nepal Pvt Ltd"
"Kathmandu","World wide - Susan J.V"
"Kathmandu","Worldwide-Dhulikhel JV"
"Kathmandu","Yalina Nirman Sewa & Suppliers Pvt.Ltd"
"Kathmandu","Yati Construction"
"Kathmandu","Yati Construtions"
"Kathmandu","Yati Cosnstructions"
"Kathmandu","Yubina Construction & Suppliers Pvt.Ltd"
"Kathmandu","Yubina Construction & Suppliers Pvt.Ltd."
"Kathmandu","Yuni  Global Constructions"
"Kathmandu","Yuni Global Construction"
"Kathmandu","aattreya/ purna chandra JV kamalamai, sindhuli"
"Kathmandu","binaya nirman sewa"
"Kathmandu","tough builders and suppliers pvt.ltd"
"Kathmandu","uchchakoti shree gorakhnath- bajarang J V"
"Kavrepalanchok","Dharma S Nirman Sewa"
"Kavrepalanchok","Greenhill Planner & Construction PVT.LTD."
"Kavrepalanchok","Hyulla engineering and construction pvt.ltd."
"Kavrepalanchok","Hyulsa Nirman Sewa"
"Kavrepalanchok","K.M.B. Construction and suppliers."
"Kavrepalanchok","Lama Pragati-Babiro JV"
"Kavrepalanchok","Mahabharat Nirman Sewa"
"Kavrepalanchok","R.S. Nirman Sewa"
"Kavrepalanchok","Zinlap Construction"
"Kavrepalanchok","green hill planner and construction pvt.ltd"
"Kavrepalanchok","national construction"
"Khotang","Acharya Sons Builders and Engineering Pvt.Ltd."
"Khotang","Dibyajyoti -ID-Swornim JV"
"Khotang","Dibyajyoti, ID, Swornim JV"
"Khotang","Mahadev Sthan Nirman Sewa"
"Khotang","Nepal Fulbari, ID, Swornim JV,"
"Khotang","Sajib Nirman Sewa Pvt Ltd"
"Khotang","Sugam Safal Construction Pvt. Ltd."
"Khotang","Super Saugat Suppliers & Construction Pvt. Ltd"
"Lalitpur","A.M. Construction Company (P.) Ltd"
"Lalitpur","Ajambari Nirman Sewa"
"Lalitpur","Beacon Construction Pvt. Ltd."
"Lalitpur","DR Construction"
"Lalitpur","Doko Consultant and Construction Pvt.Ltd"
"Lalitpur","Doko Consultant&Construction pvt.ltd."
"Lalitpur","Drama Construction Company P.Ltd"
"Lalitpur","Frontline Builder's and Designers Pvt.Ltd."
"Lalitpur","G. and H. Construction Pvt.Ltd."
"Lalitpur","I.B. Pandey Construction Pvt.Ltd."
"Lalitpur","KC-EG Infra- Hanuman JV"
"Lalitpur","Kharidhunga/ Golmeshwor JV"
"Lalitpur","Laxmi Nirman Sewa"
"Lalitpur","M/S C.A.B./Nati JV"
"Lalitpur","M/S Tayal Brothers Pvt.Ltd. Lalitpur"
"Lalitpur","Maharjan Nirman Sewa."
"Lalitpur","Malikarjun Construction"
"Lalitpur","Nextgen Solutions Pvt Ltd"
"Lalitpur","Pahad Shrinkhala Construction"
"Lalitpur","Raman-PR-Niriksha JV"
"Lalitpur","Rayamajhi – Lumbini J/V"
"Lalitpur","Saptapath Nirman Sewa"
"Lalitpur","Shaksham Nirman Sewa"
"Lalitpur","Shanti Infrastructure Pvt.Ltd.,"
"Lalitpur","Shuvam Construction"
"Lalitpur","Sky Line Construction"
"Lalitpur","World Wide – Sushan - Lord Buddha J/V"
"Lamjung","Karki-Adhikari Joint Venture"
"Lamjung","Nana/ Dixit J.V"
"Lamjung","Parajuli Construction Pvt. Ltd."
"Lamjung","Shivashakti/Adhikari J.V"
"Lamjung","Shree Krishna Nirman Sewa"
"Lamjung","Siddhi Binayak Nirman Sewa"
"Mahotari","M.P. Constructions"
"Mahotari","M.P. Constructions,"
"Mahottari","Naman Constructions"
"Makwanpur","ASC Construction and Multiporpose Company Pvt.Ltd"
"Makwanpur","Baniya Nirman Sewa Pvt.Ltd"
"Makwanpur","D.S. Construction Company Pvt. Ltd.,"
"Makwanpur","Dragon-Niriksha JV"
"Makwanpur","Hamro Katuwal Construction"
"Makwanpur","Karki Builders/ Laligurans Construction J.V"
"Makwanpur","M/S Quality Infrastructure Developers Pvt.Ltd. Hetauda-11, Makawanpur."
"Makwanpur","M/S Seti Devi Construction"
"Makwanpur","M/s Indra Nirman Company Pvt. Ltd"
"Makwanpur","Maharudra Construction"
"Makwanpur","Mrit Sanjiwoni Nirman sewa Pvt. Ltd"
"Makwanpur","New Bhutandevi Construction"
"Makwanpur","SATGUN NIRMAN SEWA"
"Makwanpur","Shivalaya Builders"
"Manang","Gyalsumdo Construction & Suppliers Company"
"Morang","Karki Bandhu Construction Pvt. Ltd."
"Morang","Kedia Water House Pvt. Ltd."
"Morang","Maa Om Birat / East Nepal JV"
"Morang","Masud Nirman Sewa Pvt. Ltd."
"Morang","Namuna Construction Private Limited"
"Morang","R.K. Builders"
"Morang","S.A.S Construction Pvt. Ltd."
"Morang","Shivam Electro Mechanical Center"
"Morang","Swaminarayan-Kala JV"
"Morang","swaminarayan-shrestha J.V"
"Mugu","KTS Nirman Sewa"
"Municipality","Bhusan Rai"
"Municipality","Dimand Kurumbang"
"Municipality","Khem Nath Dangal"
"Municipality","SK Nirmaan Sewa"
"Myagdi","Himalayan-Khushi Hom JV"
"Myagdi","Muktinath Highway Construction - Kaligandaki Nirman Sewa JV"
"Myagdi","Ramkrishna/Somras J.V."
"Myagdi","Uttarganda Nirman Sewa"
"Naybazaar","Subha Construction PVt.Ltd NayBazaar"
"Nepal","Dogadayu Dristi Nirman Sewa"
"Nepal","Himsagarmatha-Kripa-Royal JV"
"Nepal","K.C. Brothers"
"Nepal","Nawayuga Construction Pvt.Ltd"
"Nepal","Tamakoshi-Bijay JV"
"Nuwakot","Ishan Nirman Sewa Kispang- 3, Nuwakot"
"Nuwakot","K.P Construction Udhyog"
"Nuwakot","Rashuwa Engineering and Santosh JV"
"Nuwakot","S.A. Nirman Sewa Pvt Ltd"
"Nuwakot","S.A.\B.M.\Shailendra JV"
"Nuwakot","Shailendra Nirman Sewa"
"Nuwakot","Tribani and Trishuli/ Dream City J/V"
"Nuwakot","binaya nirman sewa"
"Panchthar","Ale Nirman Sewa Pvt Ltd"
"Panchthar","Ale Nirman Sewa(pvt.)ltd"
"Panchthar","DHULIKHEL/MUBEN J.V"
"Panchthar","Godar Nirman Sewa"
"Panchthar","M/S Joshi/Sanjeev J.V"
"Panchthar","Yakthumhang-Ale J.V"
"Panchthar","Yakthumhang-S.A.S J.V"
"Parasi","A.B.Sworgadwari Engineering Consultancy and Construction pvt.ltd."
"Parasi","A.K Nirman Sewa"
"Parasi","Durga Constructions"
"Parasi","Jay Bagrangwali Nirman Sewa"
"Parasi","KAT Construction"
"Parasi","KAT Engineering Construction"
"Parasi","Kashyap-Mahesh-Satyawati J V"
"Parasi","Kashyap-Mahesh-Satyawati JV"
"Parasi","M/S Navin Auto Care Pvt.Ltd , Kawasoti Hall Chowk"
"Parasi","Mahesh-Satyawati-Srijana-JV"
"Parasi","Navin Construction,"
"Parasi","Navin Construction,Jahada-06,Nawalparasi"
"Parasi","riddhi siddhi constructions"
"Parsa","M/S Papu Construction Pvt.Ltd."
"Parsa","New Deep Jyoti- Taj JV"
"Parsa","Sagar Nirman Sewa"
"Pyuthan","Amod Nirman Sewa"
"Pyuthan","Bhandari Nirman Sewa"
"Pyuthan","Binayak nirman sewa"
"Pyuthan","Divya Shakti Nirman Sewa"
"Pyuthan","Dream Destination Construction"
"Pyuthan","Kakshapati Nirman Sewa"
"Pyuthan","M.H.Pushpakendra Engineering and Construction pvt.ltd"
"Pyuthan","Padma Construction"
"Pyuthan","Purnima Construction"
"Pyuthan","Saptapath-Lekali JV"
"Pyuthan","Sharma Nirman Sewa"
"Ramechhap","BRS Construction"
"Ramechhap","Gaduwari Nirman Sewa"
"Ramechhap","Gorkha Construction Pvt Ltd"
"Ramechhap","Jaya Krishna Builders Pvt. Ltd."
"Ramechhap","Khampache/Nile/Ramechhap JV"
"Ramechhap","Luminious-Naulo Safal JV"
"Ramechhap","M/s L.S.Construction (Shyam Thapa)"
"Ramechhap","Sailung Nirman Sewa,"
"Ramechhap","Sulochan & Sukriti Nirman Sewa"
"Ramechhap","siddhakali nirman  sewa"
"Rasuwa","Karmi Dada Nirman Sewa"
"Rasuwa","Nabajanukadevi-New Tech-Sundaradevi JV"
"Rasuwa","Nabajanukadevi-New Teh JV"
"Rasuwa","Nabjanukadevi-New Tech JV"
"Rasuwa","Uttargaya Construction Pvt. Ltd"
"Rautaht","Dhiraj Nirman Sewa"
"Rautaht","Rajdevi bhakt Construction pvt. Ltd."
"Rautaht","Samagra construtions and sappiers pvt. ltd"
"Rolpa","De Bishesh Tara Nirman sewa"
"Rolpa","Harihari/ Sharmila JV, Rolpa"
"Rolpa","Jaljala Nirman Sewa and Suppliers"
"Rolpa","Narayan Gopal Engineering Construction and Suppliers"
"Rolpa","P.L Nirman Sewa"
"Rolpa","P.L. Nirman Sewa"
"Rolpa","Rivit Nirman Sewa"
"Rolpa","Sambhav Engineering and Construction Company"
"Rolpa","Sharmila Construction Sewa"
"Rolpa","Sharmila-Asian Engineering JV"
"Rolpa","Shubham Nirman Sewa"
"Rukum West","Digree Saikumari Suppliers and Construction Bahusewa"
"Rukum West","Himshikhar Construction Sewa"
"Rukum West","Juction Nirman Sewa & Suppliers Pvt.Ltd"
"Rukum West","Juction Nirman Sewa and Suppliers P. Ltd."
"Rukum West","M.B. Group Pvt. Ltd"
"Rukum West","M.B. Group Pvt. Ltd."
"Rukum West","MB Group Pvt.Ltd."
"Rukum West","Nirmaal Nirman Sewa"
"Rukum West","R.Kho Magar Construction"
"Rukum West","Sani Bheri Nirman Sewa And Suppliers Pvt. Ltd."
"Rukum West","Santos Nirman Sewa"
"Rukum West","Shaikumari Engineering Consultancy Pvt.Ltd."
"Rukum West","Shaikumari Engineering Consultancy Pvt.Ltd. ."
"Rukum West","Sharpakot Construction and Suppliers Pvt. Ltd."
"Rukum West","Shashi Nirman Sewa & Shashi Suppliers"
"Rupandehi","AEBC/Amar JV"
"Rupandehi","ASIATIC-RIJAL JV"
"Rupandehi","Aayam Nirman Sewa Tilottama -11,Rupandehi"
"Rupandehi","Afjal-tyson JV"
"Rupandehi","Akriti-Rocket JV"
"Rupandehi","Arghakhanchi-Lumbini J.V."
"Rupandehi","Asiatic Engineers and Builders"
"Rupandehi","Asiatic-Araniko J/V"
"Rupandehi","Asiatic-Das J/V"
"Rupandehi","Asiyali Construction & Services"
"Rupandehi","BATAJU-ASIYALI JV"
"Rupandehi","Babul Nirman Sewa"
"Rupandehi","Babul-Narayan J/V"
"Rupandehi","Baishnavi Nirman Sewa, Bagha-2, Chanauli, Rupandehi"
"Rupandehi","Blue Ladder Construction"
"Rupandehi","Brave Construction"
"Rupandehi","Butwal Technomart"
"Rupandehi","C.M. / Maa Gayatri J-V, Siddharthanagar -13, Rupandehi"
"Rupandehi","Chandi Nirman Sewa, Chotkawa, Maryadpur, Rupandehi"
"Rupandehi","Cm-Sagun J/v ,"
"Rupandehi","Darsan Malika Builders Pvt Ltd"
"Rupandehi","Darsan malika Builders Pvt.Ltd."
"Rupandehi","Dirghayu Construction & suppliers Pvt Ltd"
"Rupandehi","Himshikha Construction Pvt.Ltd."
"Rupandehi","Inter Tech Pvt. Ltd."
"Rupandehi","Jana Sewa Construction Pvt.Ltd"
"Rupandehi","Jay Deurali Nirman Sewa"
"Rupandehi","Laxmi and Sujal Nirman Sewa"
"Rupandehi","Lumbini Engineering Works Pvt Ltd"
"Rupandehi","M/S Anjana-Asiatic-Rijal JV"
"Rupandehi","M/S Himal/PTR Adhikari JV"
"Rupandehi","M/S Lumbini Construction Pvt. Ltd."
"Rupandehi","M/S PTR Adhikari/Kamal JV"
"Rupandehi","M/s Asiyali-Lumbini JV"
"Rupandehi","M/s Pradip Construction"
"Rupandehi","MAHESH-BATAJU JV"
"Rupandehi","Mrita Sanjiwoni/Karna/Sagun JV"
"Rupandehi","Mukti Construction Pvt.Ltd."
"Rupandehi","Narayan Basyal"
"Rupandehi","Ojash Construction"
"Rupandehi","Panta Nirman Sewa"
"Rupandehi","Pradip Construction"
"Rupandehi","Pradip/Rayamajhi JV"
"Rupandehi","Prakritik Nirman Pvt.Ltd."
"Rupandehi","Prakritik Nirman Sewa"
"Rupandehi","Pream Paudel"
"Rupandehi","RA construction"
"Rupandehi","Rajan Nirman Sewa"
"Rupandehi","Rayamajhi asiactiv jv"
"Rupandehi","Rayamajhi-Nim Construction J/V"
"Rupandehi","Rayamajhi-Pradip J.V."
"Rupandehi","S.K. Engineering industries"
"Rupandehi","SHARMA- SAGARMATHA-SAGUN J.V."
"Rupandehi","Safik Nirman Sewa,Si.Na.Pa.-11,Rupandehi"
"Rupandehi","Sagun Construction"
"Rupandehi","Sagun Construction Pvt. Ltd"
"Rupandehi","Sahani Builders"
"Rupandehi","Satyawati Construction Pvt.Ltd"
"Rupandehi","Shishir Barsha Construction Pvt. Ltd."
"Rupandehi","Shree Tapeshwari/Shreeram/Sainamaina JV"
"Rupandehi","Shyam sundar/ NB JV"
"Rupandehi","Siddhartha Darshan Builders Pvt. Ltd"
"Rupandehi","Sunrise- Mahalaxmi J.V."
"Rupandehi","Yadav Nirman Sewa"
"Rupandehi","inter tech pvt, ltd."
"Salyan","Hamal-Shaubhagya-Golden J.V."
"Salyan","Jay Bishnu Builders Pvt.Ltd"
"Salyan","Kot Darbar Nirman Sewa"
"Sankhuwasabha","Rubina Nirman Sewa Pvt Ltd"
"Saptari","Joshi Nirman Sewa Pvt. Ltd.,"
"Sarlahi","Bibek Nirman Sewa,"
"Sarlahi","Prisa Nirman sewa pvt.Ltd."
"Sindhuli","dilli ratna group of company pvt ltd"
"Sindhupalchowk","Dipraj Construction and Suppliers"
"Sindhupalchowk","Gehendra Laxmi Nirman Sewa"
"Sindhupalchowk","J. B. Construction"
"Sindhupalchowk","J.B. CONSTRUCTION"
"Sindhupalchowk","M/S L.B Multipurpose Company Pvt.Ltd. Melamchi 11 Sindhupalchok"
"Sindhupalchowk","Shantidevi/Salin j.v"
"Sindhupalchowk","gautam shakti nirman sewa"
"Siraha","M/S C.A.B. – Nati –Balaji JV"
"Solukhumbu","Bashu Construction & Suppliers"
"Solukhumbu","Bhumesthan Nirman Sewa"
"Sunsari","Ashish-Swaminarayan-Aashirbad J.V"
"Sunsari","Dipalil-Tinjure JV"
"Sunsari","Madi R.K.D. Construction COmpany Pvt.Ltd."
"Sunsari","S.M.COnstruction"
"Sunsari","Shear Engineering and Builders Pvt. Ltd."
"Sunwal","New Jagatradevi Nirman Sewa"
"Surkhet","Babita-Bidari JV"
"Surkhet","Bajra Guru/ Nepal Mega/Birendra Amar Nirman Sewa JV"
"Surkhet","Hamro Nirman Sewa"
"Surkhet","Khampache-Majadoor JV"
"Surkhet","Majdur Construction Pvt.Ltd."
"Surkhet","Mrit Sanjiwani-K.S.K. JV"
"Surkhet","Nagarjun-Majadoor JV"
"Surkhet","Naya Nepal Nirman Sewa"
"Surkhet","Prem Construction"
"Surkhet","Surya Construction Firm"
"Surkhet","Thapa trades & suppliers/Indra Construction"
"Surkhet","iDream Solution"
"Syangja","Jay Nepal Ishwor Nirman Sewa Pvt Ltd"
"Syangja","Jaya Nepal Ishwor Nirman Sewa"
"Syangja","Jaya Nepal Ishwor Nirman Sewa Pvt. Ltd."
"Syangja","Shree Geeta Construciton"
"Syangja","Shree Geeta Construction"
"Tanahu","A.B. Nirman Sewa"
"Tanahu","Aananta Nirman Sewa"
"Tanahu","B.Rana Gemeral Construction Pvt.Ltd"
"Tanahu","Bijendra Construction and Suppliers"
"Tanahu","Chhimkeshwori Redimix And Precast Concrete Company"
"Tanahu","Shree Geeta-Rubina-Mana JV"
"Taplejung","B Build Nirman Sewa"
"Taplejung","SAS/POMU/ANGBUHANG J.V"
"Taplejung","Yakthumhang -S.A.S-Thewe J.v."
"Udayapur","Aabishka constructions"
"Udayapur","Aashirbad Nirman Sewa"
"Udayapur","Arun and Rustam Nirman Sewa Pvt. Ltd"
"Udayapur","Baba Bishshwakarma Nirman Sewa"
"Udayapur","Dhiraj Nirman Sewa"
"Udayapur","Durga Bishnu Construction"
"Udayapur","Gadhimai Riya Constration"
"Udayapur","Gadhimai Riya constrations"
"Udayapur","Gadimai Riya Constructions"
"Udayapur","Gauri Ganesh Nirman Sewa"
"Udayapur","Gita NIrman Sewa"
"Udayapur","Gita Nirman Sewa"
"Udayapur","Gita Nirman sewa"
"Udayapur","Joya & Brothers Pabitra Jv"
"Udayapur","K.N.S. Dahal Nirman Sewa"
"Udayapur","Kankai Nirman Sewa"
"Udayapur","Kankai/Bkoi/Churiya J.V"
"Udayapur","M/S Susam Aditya Bajay Nirman Sewa"
"Udayapur","Mahesh Medicine Distributors"
"Udayapur","Munna Construction"
"Udayapur","Munna/Amod J.V., Katahariya, Rautahat"
"Udayapur","Nabita And Lopchan Construction Pvt. Ltd."
"Udayapur","Naman Constructions"
"Udayapur","Pawan Sappiers jay ma durga Nirman sewa"
"Udayapur","Pawan Suppyurs Jay Ma Durga Nirman Sewa"
"Udayapur","RD/Bhanumati J.V."
"Udayapur","Rajdevi Bhakt Constructions pvt.ltd."
"Udayapur","Rautaha-Aashirbad-Regmi JV"
"Udayapur","Rautaha-Anshubi-Ansuman JV"
"Udayapur","Sahu Constructions,"
"Udayapur","Samagra construction and Suppliers pvt. ltd."
"Udayapur","Shiv Nirman Swa Shiv General Supplers"
"Udayapur","Siddhi Ganesh Nirman Sewa"
"Udayapur","Sunehari Drilling and Construction Pvt.Ltd,Chandrapur-4,Rautahat."
"Udayapur","shivshankar/Sharda J.V."
"Ward","Gyan Bahadur Tamang"
"Ward","M/S Rukumini Builders Pvt. Ltd,"
